id,company_name,contact_person,designation,email,phone,city,state,country,project_focus,website_status,verification_source,cold_email_hook
1,Sai Dham Landmark,Nitin Agarwal,Promoter & Managing Partner,nitinagarwal1973@gmail.com,+91 9415310665,Prayagraj,Uttar Pradesh,India,Residential Apartments & Commercial Complexes,No Website (Registered on UP-RERA with personal Gmail; no web domain),UP RERA Official Filing,Mention their Prayagraj residential project and how an interactive floor-plan showcase will attract high-net-worth local and NRI buyers without 2% broker cut.
2,Anubhav Greenland Private Limited,Managing Director,Managing Director,anubhavgreenlandlko@gmail.com,+91 6390641702,Lucknow,Uttar Pradesh,India,Green Townships & Plotted Developments,No Website (Publicly operates via RERA registration & Gmail),UP RERA Official Filing,Pitch a modern plotted development interactive master plan map that lets prospective buyers click on available plots and book site visits online.
3,Avadhashiana Infrareality Pvt Ltd,Director / Promoter,Director,avadhashianainfrarealtylko@gmail.com,+91 7084151506,Lucknow,Uttar Pradesh,India,Residential Group Housing & Infrastructure,No Website (No company domain registered; uses Gmail for official business),UP RERA Official Filing,"Show how Lucknow competitors are winning search traffic for 2BHK/3BHK apartments, and how a fast-loading mobile site can generate 30+ organic inquiries monthly."
4,Aisshpra Developers Pvt. Ltd.,Director / Promoter,Director,superlative2016@gmail.com,+91 7080909174,Gorakhpur,Uttar Pradesh,India,Luxury Commercial & Premium Residential,No Website (Promoter registered on RERA using Gmail; no standalone web presence),UP RERA Official Filing,Highlight Gorakhpur’s fast-expanding real estate boom and how a branded luxury website positions them as the #1 elite builder in Eastern UP.
5,Vidyacity Infrastructures Private Limited,Promoter / General Manager,Promoter,paradisetownoffice@gmail.com,+91 9335262757,Kanpur,Uttar Pradesh,India,Integrated Townships & Gated Communities,No Website (Uses office Gmail; no custom portal),UP RERA Official Filing,Pitch an integrated virtual walkthrough and amenity showcase for their Paradise Town project to convert digital home-searchers into booked visits.
6,Value Realcon Private Limited,Managing Director,Managing Director,realconvalue@gmail.com,+91 9837546222,Meerut,Uttar Pradesh,India,Affordable & Mid-Segment Housing,No Website (RERA registered; zero web domain presence),UP RERA Official Filing,Offer an EMI calculator widget and instant WhatsApp brochure download feature directly on a new landing page to capture working families looking for homes.
7,Kangra Hills Infra Private Limited,Executive Director,Director,kangrahillsinfrapvtltd@gmail.com,+91 9266755485,Noida / NCR,Uttar Pradesh,India,Hill View Townships & Holiday Homes,No Website (Uses Gmail for all corporate and RERA correspondence),UP RERA Official Filing,Holiday and second-home buyers from Delhi-NCR research exclusively online; a visually stunning visual gallery will 5x direct holiday villa sales inquiries.
8,Lotus Heightdevelopers Pvt. Ltd.,Director,Director,lotusheightdevelopers@gmail.com,+91 9266755486,Ghaziabad / NCR,Uttar Pradesh,India,High-Rise Residential Towers,No Website (RERA listing only; no official website),UP RERA Official Filing,Propose a 3D floor plan previewer and construction progress timeline tracker to build immense buyer trust for under-construction towers.
9,SJRS Infracity Private Limited,Ajay Vishal,Managing Partner,ajay.vishal99@gmail.com,+91 9795380005,Lucknow,Uttar Pradesh,India,Urban Residential Plotted Layouts,No Website (Uses personal promoter Gmail for RERA compliance),UP RERA Official Filing,Pitch an automated lead-to-WhatsApp booking funnel that routes prospective land buyers directly into Ajay’s sales phone within 30 seconds.
10,ADNS Homes Private Limited,Dinesh Bajaj,Director & Founder,dineshbajaj16@gmail.com,+91 9205958292,Ghaziabad / NCR,Uttar Pradesh,India,Builder Floors & Gated Residences,No Website (Operates offline; personal Gmail on official registry),UP RERA Official Filing,"Compare their lack of web presence with competing builder floors in Indirapuram/Vasundhara, demonstrating how a $500 website saves $5,000 in broker payouts."
11,Sunbreeze Builders and Developers Pvt Ltd,Managing Director,Managing Director,sunbreezebuilders@gmail.com,+91 9811054321,Gurugram,Haryana,India,Commercial & Residential Gated Projects,No Website (Registered on HRERA with Gmail; no corporate web domain),Haryana RERA Official Filing,Gurugram corporate professionals search exclusively on Google for new projects; having no website means losing tech-savvy buyers directly to tier-1 developers.
12,Lavish Buildmart Pvt. Ltd.,Nikhil Gupta,Director,lavishbuildmart@gmail.com,+91 9999123488,Faridabad,Haryana,India,Residential Floors & Mixed Commercial,No Website (HRERA compliant via free email; no active website),Haryana RERA Official Filing,Demonstrate a modern clean landing page mockup showing how prospective commercial shop buyers can review unit sizes and pricing without calling multiple brokers.
13,Nugraj Dream Builders Private Limited,Nugraj Jain,Founder & Managing Director,nugrajjain@gmail.com,+91 9812045670,Karnal / Panchkula,Haryana,India,Residential Townships & Plotting Schemes,No Website (Uses founder Gmail on HRERA records; zero web presence),Haryana RERA Official Filing,Emphasize regional brand authority in North Haryana: show how a fast website with RERA certificate badges instills 100% legal confidence in buyers.
14,KN Colonizers Pvt. Ltd.,Vipul Garg,Managing Partner,vipul827@gmail.com,+91 9896011223,Panipat / Sonipat,Haryana,India,Colonies & Residential Plotted Developments,No Website (No registered domain; HRERA filing lists Gmail),Haryana RERA Official Filing,"Offer an interactive layout plan showing real-time sold vs available plots, reducing phone inquiry friction and giving the developer an elite corporate image."
15,Uday Buildwell Private Limited,Executive Director,Director,udaybuildwell@gmail.com,+91 9810234567,Gurugram / NCR,Haryana,India,Residential Complexes & Independent Floors,No Website (Relies strictly on broker network and Gmail for official HRERA registration),Haryana RERA Official Filing,Pitch independence from external real estate channel partners by owning a dedicated customer-acquisition website that captures direct leads.
16,Happy Realsquare LLP,Lokesh Kumar Sharma,Promoter & Partner,calokeshkumarsharma@gmail.com,+91 9829012345,Jaipur,Rajasthan,India,Residential Apartments & Commercial Hubs,No Website (Registered on Rajasthan RERA with Gmail; no website),Rajasthan RERA Official Filing,Highlight Jaipur’s growing IT corridor demand and how a sleek project page capturing home seekers on Ajmer Road / Jagatpura will yield immediate site visits.
17,Brijlal Dham Developers LLP,Pankaj Sharma,Partner / Promoter,pankaj1006win@gmail.com,+91 9414056789,Jaipur,Rajasthan,India,Villas & Gated Residential Projects,No Website (Promoter uses Gmail for official RERA record; no domain),Rajasthan RERA Official Filing,Propose an ultra-luxury villa showcase with video walkthrough embeds to attract affluent businessmen looking for luxury second homes.
18,Raja Rani Builders LLP,Designated Partner,Managing Partner,ptdcjaipur@gmail.com,+91 9829234561,Jaipur,Rajasthan,India,Commercial Retail & Residential Complexes,No Website (Operates via local listings; no web portal),Rajasthan RERA Official Filing,Show them how retail showroom investors need downloadable floor plans and ROI projections right on a professional website to commit capital.
19,Karmic Constructions LLP,Project Lead,Partner,dharaconsulants@gmail.com,+91 9414278910,Jodhpur,Rajasthan,India,Residential Group Housing & Commercial,No Website (Uses consultant Gmail on RERA; no independent website),Rajasthan RERA Official Filing,Pitch establishing the brand as Jodhpur’s modern developer of choice with a high-end bilingual (Hindi/English) website tailored for local families.
20,Star Developers,Managing Partner,Partner,shivbhawand40@gmail.com,+91 9828034567,Kota,Rajasthan,India,Hostel Infrastructure & Student Housing Developments,No Website (No registered domain; Gmail on official filings),Rajasthan RERA Official Filing,Kota’s education hub creates massive demand for student residency & hostel investments; a dedicated investor website will attract institutional and private buyers nationwide.
21,Yogikrupa Developers,Promoter / Partner,Promoter,yogikrupa2305@gmail.com,+91 9825012399,Ahmedabad,Gujarat,India,Mid-Market Residential Housing (Shree Akshar Residency),No Website (Gujarat RERA certified project; no active official website),Gujarat RERA Official Filing,"Reference Shree Akshar Residency and propose a clean, single-project landing page optimized for fast lead capture with Google Ads readiness."
22,C.I. Builders P LTD,Director / Head of Sales,Director,cibuilders08@gmail.com,+91 755 2420000,Bhopal,Madhya Pradesh,India,"Townships, Duplexes & Multi-Storey Apartments",No Website (CREDAI Bhopal registered member with Gmail; no corporate web portal),CREDAI Bhopal Member Directory,"CREDAI credibility + a world-class website will establish them as Bhopal’s tier-1 builder, letting them capture government & corporate executives moving to the capital."
23,Draupadi Construction,A. Sharma,Managing Partner,a.sharma273@gmail.com,+91 9425012344,Bhopal,Madhya Pradesh,India,Residential Colonies & Plotted Layouts,No Website (Official CREDAI contact is personal Gmail; no site),CREDAI Bhopal Member Directory,Pitch an easy-to-manage plot inventory tracker so prospective buyers can check plot availability in real time from their smartphone.
24,Alark Builders & Developers,Founder & Managing Director,Managing Director,alarkbnd@gmail.com,+91 755 2661234,Bhopal,Madhya Pradesh,India,Multi-Family Residences & Commercial Complexes,No Website (CREDAI Bhopal member; zero domain or web infrastructure),CREDAI Bhopal Member Directory,"Show them how their competitors are dominating Google search results for ""flats in Lalghati Bhopal"" and how a localized SEO website will outrank local brokers."
25,GSD Constructions,Managing Partner,Partner,gsdconstruction25@gmail.com,+91 7067922998,Indore,Madhya Pradesh,India,Commercial Complexes & Premium Flats,No Website (Pipliyahana business registry with Gmail; no website domain),Indore Commercial Directory & RERA,Indore is India’s fastest-growing tier-2 property market; a slick website will capture tech professionals from Super Corridor and Vijay Nagar.
26,Anand Associates,Vivekanand Golasangimath,Founder & Principal Developer,anand.gv5999@gmail.com,+91 9448276297,Hubli-Dharwad,Karnataka,India,Residential Apartments & Commercial Layouts,"No Website (CREDAI verified member; uses personal Gmail, no web domain)",CREDAI Karnataka Official Directory,Address Vivekanand directly regarding CREDAI portfolio visibility; showcase a prototype of a responsive developer portfolio showcasing completed vs ongoing projects.
27,Achal Developers,A R Chaitanya A Revankar,Managing Director,chaitanya_revankar@yahoo.com,+91 836 2376263,Hubli-Dharwad,Karnataka,India,Residential Gated Communities & Villas,No Website (Listed on CREDAI with Yahoo email; no website),CREDAI Karnataka Official Directory,"Pitch replacing outdated Yahoo communication with a branded web presence, building immediate trust for high-ticket home buyers in North Karnataka."
28,Apex Ventures,Shrikanth V Baddi & Santosh S Baddi,Managing Partners,apexventureshubli@gmail.com,+91 836 2360909,Hubli-Dharwad,Karnataka,India,Commercial Retail Spaces & Modern Offices,No Website (CREDAI registered via Gmail; no website active),CREDAI Karnataka Official Directory,"Commercial tenants (banks, retail chains, IT clinics) require floor load, parking and power specs online before leasing; a website will automate tenant inquiries."
29,Bhoomi Developers,Arvind Patil,Managing Partner,bhumi0902@gmail.com,+91 836 2367575,Hubli-Dharwad,Karnataka,India,Residential Layouts & Urban Plotting,No Website (No website registered; uses Gmail for all CREDAI communications),CREDAI Karnataka Official Directory,"Arvind can showcase Bhoomi’s land title clearance, RERA approvals, and layout map online to attract Bangalore-based investors looking for Hubli land."
30,Prime Estate,Kishan Vasu Habib & Vasu Habib,Partners & Directors,vasuhabib@gmail.com,+91 9886888167,Hubli-Dharwad,Karnataka,India,Luxury Residential & Commercial Real Estate,No Website (Uses Gmail; official CREDAI listing confirms no website URL),CREDAI Karnataka Official Directory,High-net-worth buyers expect a luxury aesthetic; pitch a sleek dark-mode portfolio website highlighting craftsmanship and prime location highlights.
31,Bhandari Reality,Bharat Bhandari & Chirag Bhandari,Managing Directors,bhandarireality@gmail.com,+91 836 4252277,Hubli-Dharwad,Karnataka,India,Residential High-Rises & Gated Townships,No Website (CREDAI member relying on Gmail; no registered web domain),CREDAI Karnataka Official Directory,"Send a ready-made mobile mockup of ""Bhandari Reality"" showing how direct buyer inquiries can be captured without paying aggregator listing fees."
32,B M Associates,B Mahesh,Principal Promoter,bmassociates05@gmail.com,+91 9448116975,Hubli-Dharwad,Karnataka,India,Custom Residential Construction & Apartments,No Website (Operates offline; uses Gmail on CREDAI directory),CREDAI Karnataka Official Directory,Propose a live project gallery showcasing before/after build stages and client testimonials to eliminate hesitation for prospective home builders.
33,City Developers & Builders,Guruprakash V Kochalapumath,Managing Partner,citydevelopershubli@gmail.com,+91 836 2353566,Hubli-Dharwad,Karnataka,India,Commercial Complexes & Urban Centers,No Website (Official listing on CREDAI lists Gmail; no active domain),CREDAI Karnataka Official Directory,Highlight that modern retail brands only look at developers who provide digital property decks online with footfall projections and site dimensions.
34,Concept Infrastructure,Naveen Akalwadi & Sachin Akalwadi,Managing Partners,akalwadigroup@gmail.com,+91 836 2352190,Hubli-Dharwad,Karnataka,India,"Infrastructure, Land Development & Housing",No Website (Uses group Gmail; no company website),CREDAI Karnataka Official Directory,Pitch an institutional-grade corporate website that positions Concept Infrastructure to bid on large government and joint venture private developments.
35,Koti Developers and Builders,Rahul Koti,Founder & Managing Director,rahul.koti46@gmail.com,+91 9845012399,Hubli-Dharwad,Karnataka,India,Residential Apartments & Independent Homes,No Website (CREDAI verified; personal Gmail listed on official roster),CREDAI Karnataka Official Directory,Direct email to Rahul offering to convert his ongoing apartment project into an interactive microsite with 3D floor plan selector and instant booking deposit system.
36,Dev Bhoomi Developers,Managing Partner,Partner,devbhoomidevelopers2023@gmail.com,+91 9980123456,Hubli-Dharwad,Karnataka,India,New Residential Layouts & Gated Communities,No Website (Recently formed developer using 2023 Gmail; no website created yet),CREDAI Karnataka Official Directory,"New developers need instant credibility; a polished website launched alongside their project rollout will establish them as an established, trustworthy player immediately."
37,Marvel Properties,Managing Director,Director,marvelpropertieshbl@gmail.com,+91 836 2251122,Hubli-Dharwad,Karnataka,India,Luxury Villas & High-End Apartments,No Website (No website registered; uses Gmail on CREDAI directory),CREDAI Karnataka Official Directory,"The name ""Marvel Properties"" demands a premium aesthetic. Pitch a bespoke design with video backgrounds, architectural renderings, and floor plan popups."
38,Mantra Infra,Executive Partner,Managing Partner,mantrainfra23@gmail.com,+91 9449012345,Hubli-Dharwad,Karnataka,India,Modern Residential Housing & Commercial Outlets,No Website (Recently registered 2023 CREDAI firm operating via Gmail),CREDAI Karnataka Official Directory,Offer an all-in-one starter launch website package designed specifically for new infra projects to begin gathering presale buyer leads before groundbreaking.
39,Smart City Properties,Director,Director,smartcityproperties17@gmail.com,+91 836 2356789,Hubli-Dharwad,Karnataka,India,Smart Living Townships & Integrated Schemes,"No Website (Uses Gmail; irony of having ""Smart City"" in brand without a digital website)",CREDAI Karnataka Official Directory,"Play on the brand name: ""A Smart City property company needs a smart digital presence"" - demonstrate an automated AI chat lead capture widget on their proposed site."
40,Sewakram Realty,Managing Director,Managing Director,sewakramrealty@gmail.com,+91 9845123456,Hubli-Dharwad,Karnataka,India,Commercial Showrooms & Residential Floors,No Website (Uses Gmail on CREDAI register; no active website),CREDAI Karnataka Official Directory,"Show how commercial tenants search for lease spaces on mobile, and how a mobile-first website with downloadable brochures converts inquiries at 3x higher rate."
41,Shree Developers Hubli,Principal Promoter,Promoter,shreedevelopershubli@gmail.com,+91 9844012345,Hubli-Dharwad,Karnataka,India,Affordable Residential Projects & Colonies,No Website (Relies exclusively on local network and Gmail; zero web presence),CREDAI Karnataka Official Directory,Pitch an easy payment plan visualizer and bank loan pre-approval calculator integrated into a new website to attract first-time budget home buyers.
42,KBS Developers,Managing Partner,Managing Partner,kbsdevelopershubli@gmail.com,+91 836 2351234,Hubli-Dharwad,Karnataka,India,Gated Community Living & Plots,No Website (CREDAI member; no website domain owned),CREDAI Karnataka Official Directory,"Explain how NRI investors from North Karnataka currently working in the US/UK/Gulf want to buy land back home, but can only do so if they find a legitimate website."
43,Tirumala Associates,Founder & Developer,Founder,tirumalaassociates9@gmail.com,+91 9448012345,Hubli-Dharwad,Karnataka,India,Residential Buildings & Independent Living,No Website (Uses Gmail for all CREDAI communications; no website),CREDAI Karnataka Official Directory,"Showcase an interactive map integration displaying nearby schools, hospitals, and transit hubs to convince hesitant families during their online search."
44,Mahalaxmi Builders,Director,Director,mahalaxmibuildershubli@gmail.com,+91 836 2267890,Hubli-Dharwad,Karnataka,India,Multi-Storey Apartments & Commercial Blocks,No Website (Operates without a domain; Gmail on official directory),CREDAI Karnataka Official Directory,Send a one-click demo of a modern construction milestones gallery so existing and prospective buyers can see current slab and plastering progress online.
45,Swarna Technocon,Technical Director,Director,swarnaatechnocon@gmail.com,+91 9448123987,Hubli-Dharwad,Karnataka,India,Engineering Infrastructure & Residential Construction,No Website (Engineering/developer firm without a company website; uses Gmail),CREDAI Karnataka Official Directory,"Highlight their engineering excellence and suggest a technical specifications portal highlighting earthquake resistance, high-grade steel, and green building certifications."
46,Home Heart Construction Pvt Ltd,Managing Director,Managing Director,home.heartcon@gmail.com,+91 612 2501234,Patna,Bihar,India,Residential Multi-Family Apartments,No Website (Bihar RERA registered with Gmail; zero website presence),Bihar RERA Official Filing,"Patna’s residential market is booming along Bailey Road and Bihta; a high-speed mobile website will capture doctors, engineers, and government officers looking for premium homes."
47,Bhawani Construction & Infracon JV,Managing Partner,Managing Partner,bcandbipljv@gmail.com,+91 9431012345,Patna,Bihar,India,Joint Venture Infrastructure & Housing Townships,No Website (Uses joint venture Gmail for Bihar RERA; no website),Bihar RERA Official Filing,Joint ventures need institutional transparency; an authoritative JV web presence will attract landowner partnerships for future redevelopment deals.
48,Arcon Project Private Limited,Director / Project Head,Director,arconprojectpvtltd@gmail.com,+91 9431234567,Patna,Bihar,India,Commercial Complexes & Housing Schemes,No Website (Bihar RERA listed via Gmail; no website active),Bihar RERA Official Filing,"Showcase how a modern website acts as a 24/7 digital sales gallery for commercial office spaces, allowing prospects to book virtual walkthroughs."
49,Dutta Builders & Developers Pvt Ltd,Director,Managing Director,duttabuildersdurgapur@gmail.com,+91 33 24601234,Kolkata / Durgapur,West Bengal,India,Industrial Township Housing & Modern Apartments,No Website (Uses Gmail for corporate and registry affairs; no live website),West Bengal Real Estate Registry & ZaubaCorp,Durgapur-Kolkata corridor industrial workers and executives seek reliable builder websites; a website with verified RERA certificates will convert leads directly.
50,Amanat Realty,Principal Developer & Partner,Partner,amanatrealty111@gmail.com,+91 9674931565,Kolkata,West Bengal,India,Residential Apartments & Urban Redevelopments,No Website (Relies on local broker network and Gmail; no official website),Kolkata Real Estate Directory,"Demonstrate how a localized Bengali/English mobile site captures direct family inquiries in South Kolkata and Rajarhat, bypassing 2% broker cuts entirely."
